<?xml version="1.0" encoding="UTF-8"?>
<definitions xmlns="http://www.omg.org/spec/BPMN/20100524/MODEL" xmlns:xsi="http://www.w3.org/2001/XMLSchema-instance" xmlns:activiti="http://activiti.org/bpmn" xmlns:bpmndi="http://www.omg.org/spec/BPMN/20100524/DI" xmlns:omgdc="http://www.omg.org/spec/DD/20100524/DC" xmlns:omgdi="http://www.omg.org/spec/DD/20100524/DI" typeLanguage="http://www.w3.org/2001/XMLSchema" expressionLanguage="http://www.w3.org/1999/XPath" targetNamespace="http://www.activiti.org/test">
  <process id="leave" name="请假流程" isExecutable="true">
    <startEvent id="sid-31BDAF75-E50B-48EC-9756-215D119D7694"></startEvent>
    <userTask id="sid-CAD86AAF-FB53-49E3-9256-C6E60E007463" name="提交申请" activiti:candidateUsers="${requestUser.userName}">
      <documentation>/WEB-INF/jsp/process/taskform/leave/requestForm.jsp</documentation>
    </userTask>
    <userTask id="sid-151619BA-3B0F-4F11-96FF-F186D047B03E" name="部门领导审批">
      <documentation>/WEB-INF/jsp/process/taskform/leave/readonlyForm.jsp</documentation>
      <extensionElements>
        <activiti:taskListener event="create" delegateExpression="${deptManagerListener}"></activiti:taskListener>
      </extensionElements>
    </userTask>
    <exclusiveGateway id="sid-9346DE50-9F97-490F-8404-CFD78AD9038D"></exclusiveGateway>
    <endEvent id="sid-45E6FBDF-F197-413D-8D09-9050D50860B6"></endEvent>
    <userTask id="sid-622A9CAB-8A52-46C8-B064-D795C115A3E8" name="总经理审批" activiti:candidateGroups="总经理">
      <documentation>/WEB-INF/jsp/process/taskform/leave/readonlyForm.jsp</documentation>
    </userTask>
    <serviceTask id="sid-DDCDC470-AA2F-483C-8601-471342E83B36" name="审批失败" activiti:delegateExpression="${updateFailStatusService}"></serviceTask>
    <serviceTask id="sid-ACD30764-C1D6-45A5-8164-29AC2C54E868" name="审批成功" activiti:delegateExpression="${updateSuccessStatusService}"></serviceTask>
    <sequenceFlow id="sid-3D25B396-F857-47F5-9F2D-7F64AF76AFDF" sourceRef="sid-31BDAF75-E50B-48EC-9756-215D119D7694" targetRef="sid-CAD86AAF-FB53-49E3-9256-C6E60E007463"></sequenceFlow>
    <sequenceFlow id="sid-C5BD2A83-3DA9-4D25-AF59-BB32F2983AE1" name="审批通过" sourceRef="sid-151619BA-3B0F-4F11-96FF-F186D047B03E" targetRef="sid-9346DE50-9F97-490F-8404-CFD78AD9038D">
      <conditionExpression xsi:type="tFormalExpression"><![CDATA[${transition=='审批通过'}]]></conditionExpression>
    </sequenceFlow>
    <sequenceFlow id="sid-ED506569-2177-4ADA-814E-564586BD6973" sourceRef="sid-9346DE50-9F97-490F-8404-CFD78AD9038D" targetRef="sid-622A9CAB-8A52-46C8-B064-D795C115A3E8">
      <conditionExpression xsi:type="tFormalExpression"><![CDATA[${model.days >= 10}]]></conditionExpression>
    </sequenceFlow>
    <sequenceFlow id="sid-9DF2CA6B-D2B0-4050-96CA-358E754F72A8" name="驳回申请" sourceRef="sid-151619BA-3B0F-4F11-96FF-F186D047B03E" targetRef="sid-CAD86AAF-FB53-49E3-9256-C6E60E007463">
      <conditionExpression xsi:type="tFormalExpression"><![CDATA[${transition=='驳回申请'}]]></conditionExpression>
    </sequenceFlow>
    <sequenceFlow id="sid-502188AE-C591-43EC-B6A5-FADA2FF4556A" name="审批成功" sourceRef="sid-622A9CAB-8A52-46C8-B064-D795C115A3E8" targetRef="sid-ACD30764-C1D6-45A5-8164-29AC2C54E868">
      <conditionExpression xsi:type="tFormalExpression"><![CDATA[${transition=='审批成功'}]]></conditionExpression>
    </sequenceFlow>
    <sequenceFlow id="sid-B33E257A-E49E-4322-B982-06981AAD8397" name="审批失败" sourceRef="sid-622A9CAB-8A52-46C8-B064-D795C115A3E8" targetRef="sid-DDCDC470-AA2F-483C-8601-471342E83B36">
      <conditionExpression xsi:type="tFormalExpression"><![CDATA[${transition=='审批失败'}]]></conditionExpression>
    </sequenceFlow>
    <sequenceFlow id="sid-881B76AC-C1BA-486F-AE81-9D4BB29477C6" sourceRef="sid-DDCDC470-AA2F-483C-8601-471342E83B36" targetRef="sid-45E6FBDF-F197-413D-8D09-9050D50860B6"></sequenceFlow>
    <sequenceFlow id="sid-EC8F8BBD-2135-407E-83D2-00DBD24363FE" sourceRef="sid-ACD30764-C1D6-45A5-8164-29AC2C54E868" targetRef="sid-45E6FBDF-F197-413D-8D09-9050D50860B6"></sequenceFlow>
    <sequenceFlow id="sid-AA509487-46FA-45D7-B895-FD0AA71B2071" name="审批失败" sourceRef="sid-151619BA-3B0F-4F11-96FF-F186D047B03E" targetRef="sid-DDCDC470-AA2F-483C-8601-471342E83B36">
      <conditionExpression xsi:type="tFormalExpression"><![CDATA[${transition=='审批失败'}]]></conditionExpression>
    </sequenceFlow>
    <sequenceFlow id="sid-307B3A79-D021-4B02-BB2C-581511539F1A" name="驳回申请" sourceRef="sid-622A9CAB-8A52-46C8-B064-D795C115A3E8" targetRef="sid-CAD86AAF-FB53-49E3-9256-C6E60E007463">
      <conditionExpression xsi:type="tFormalExpression"><![CDATA[${transition=='驳回申请'}]]></conditionExpression>
    </sequenceFlow>
    <sequenceFlow id="sid-67B7CAE8-28F9-4E06-9A03-7A0FB6A305FE" sourceRef="sid-9346DE50-9F97-490F-8404-CFD78AD9038D" targetRef="sid-ACD30764-C1D6-45A5-8164-29AC2C54E868">
      <conditionExpression xsi:type="tFormalExpression"><![CDATA[${model.days < 10}]]></conditionExpression>
    </sequenceFlow>
    <sequenceFlow id="sid-FCD2412A-B39E-41E3-87C3-79CC51B9B1F9" name="提交申请" sourceRef="sid-CAD86AAF-FB53-49E3-9256-C6E60E007463" targetRef="sid-151619BA-3B0F-4F11-96FF-F186D047B03E"></sequenceFlow>
  </process>
  <bpmndi:BPMNDiagram id="BPMNDiagram_leave">
    <bpmndi:BPMNPlane bpmnElement="leave" id="BPMNPlane_leave">
      <bpmndi:BPMNShape bpmnElement="sid-31BDAF75-E50B-48EC-9756-215D119D7694" id="BPMNShape_sid-31BDAF75-E50B-48EC-9756-215D119D7694">
        <omgdc:Bounds height="30.0" width="30.0" x="15.0" y="175.0"></omgdc:Bounds>
      </bpmndi:BPMNShape>
      <bpmndi:BPMNShape bpmnElement="sid-CAD86AAF-FB53-49E3-9256-C6E60E007463" id="BPMNShape_sid-CAD86AAF-FB53-49E3-9256-C6E60E007463">
        <omgdc:Bounds height="80.0" width="100.0" x="75.0" y="150.0"></omgdc:Bounds>
      </bpmndi:BPMNShape>
      <bpmndi:BPMNShape bpmnElement="sid-151619BA-3B0F-4F11-96FF-F186D047B03E" id="BPMNShape_sid-151619BA-3B0F-4F11-96FF-F186D047B03E">
        <omgdc:Bounds height="80.0" width="100.0" x="255.0" y="150.0"></omgdc:Bounds>
      </bpmndi:BPMNShape>
      <bpmndi:BPMNShape bpmnElement="sid-9346DE50-9F97-490F-8404-CFD78AD9038D" id="BPMNShape_sid-9346DE50-9F97-490F-8404-CFD78AD9038D">
        <omgdc:Bounds height="40.0" width="40.0" x="417.0" y="170.0"></omgdc:Bounds>
      </bpmndi:BPMNShape>
      <bpmndi:BPMNShape bpmnElement="sid-45E6FBDF-F197-413D-8D09-9050D50860B6" id="BPMNShape_sid-45E6FBDF-F197-413D-8D09-9050D50860B6">
        <omgdc:Bounds height="28.0" width="28.0" x="675.0" y="176.0"></omgdc:Bounds>
      </bpmndi:BPMNShape>
      <bpmndi:BPMNShape bpmnElement="sid-622A9CAB-8A52-46C8-B064-D795C115A3E8" id="BPMNShape_sid-622A9CAB-8A52-46C8-B064-D795C115A3E8">
        <omgdc:Bounds height="80.0" width="100.0" x="510.0" y="150.0"></omgdc:Bounds>
      </bpmndi:BPMNShape>
      <bpmndi:BPMNShape bpmnElement="sid-DDCDC470-AA2F-483C-8601-471342E83B36" id="BPMNShape_sid-DDCDC470-AA2F-483C-8601-471342E83B36">
        <omgdc:Bounds height="80.0" width="100.0" x="510.0" y="0.0"></omgdc:Bounds>
      </bpmndi:BPMNShape>
      <bpmndi:BPMNShape bpmnElement="sid-ACD30764-C1D6-45A5-8164-29AC2C54E868" id="BPMNShape_sid-ACD30764-C1D6-45A5-8164-29AC2C54E868">
        <omgdc:Bounds height="80.0" width="100.0" x="510.0" y="300.0"></omgdc:Bounds>
      </bpmndi:BPMNShape>
      <bpmndi:BPMNEdge bpmnElement="sid-67B7CAE8-28F9-4E06-9A03-7A0FB6A305FE" id="BPMNEdge_sid-67B7CAE8-28F9-4E06-9A03-7A0FB6A305FE">
        <omgdi:waypoint x="437.5" y="209.5"></omgdi:waypoint>
        <omgdi:waypoint x="437.5" y="320.0"></omgdi:waypoint>
        <omgdi:waypoint x="510.0" y="320.0"></omgdi:waypoint>
      </bpmndi:BPMNEdge>
      <bpmndi:BPMNEdge bpmnElement="sid-EC8F8BBD-2135-407E-83D2-00DBD24363FE" id="BPMNEdge_sid-EC8F8BBD-2135-407E-83D2-00DBD24363FE">
        <omgdi:waypoint x="610.0" y="340.0"></omgdi:waypoint>
        <omgdi:waypoint x="689.0" y="340.0"></omgdi:waypoint>
        <omgdi:waypoint x="689.0" y="204.0"></omgdi:waypoint>
      </bpmndi:BPMNEdge>
      <bpmndi:BPMNEdge bpmnElement="sid-307B3A79-D021-4B02-BB2C-581511539F1A" id="BPMNEdge_sid-307B3A79-D021-4B02-BB2C-581511539F1A">
        <omgdi:waypoint x="535.0" y="230.0"></omgdi:waypoint>
        <omgdi:waypoint x="535.0" y="340.0"></omgdi:waypoint>
        <omgdi:waypoint x="125.0" y="340.0"></omgdi:waypoint>
        <omgdi:waypoint x="125.0" y="230.0"></omgdi:waypoint>
      </bpmndi:BPMNEdge>
      <bpmndi:BPMNEdge bpmnElement="sid-881B76AC-C1BA-486F-AE81-9D4BB29477C6" id="BPMNEdge_sid-881B76AC-C1BA-486F-AE81-9D4BB29477C6">
        <omgdi:waypoint x="610.0" y="40.0"></omgdi:waypoint>
        <omgdi:waypoint x="689.0" y="40.0"></omgdi:waypoint>
        <omgdi:waypoint x="689.0" y="176.0"></omgdi:waypoint>
      </bpmndi:BPMNEdge>
      <bpmndi:BPMNEdge bpmnElement="sid-3D25B396-F857-47F5-9F2D-7F64AF76AFDF" id="BPMNEdge_sid-3D25B396-F857-47F5-9F2D-7F64AF76AFDF">
        <omgdi:waypoint x="45.0" y="190.0"></omgdi:waypoint>
        <omgdi:waypoint x="75.0" y="190.0"></omgdi:waypoint>
      </bpmndi:BPMNEdge>
      <bpmndi:BPMNEdge bpmnElement="sid-AA509487-46FA-45D7-B895-FD0AA71B2071" id="BPMNEdge_sid-AA509487-46FA-45D7-B895-FD0AA71B2071">
        <omgdi:waypoint x="305.0" y="150.0"></omgdi:waypoint>
        <omgdi:waypoint x="305.0" y="40.0"></omgdi:waypoint>
        <omgdi:waypoint x="510.0" y="40.0"></omgdi:waypoint>
      </bpmndi:BPMNEdge>
      <bpmndi:BPMNEdge bpmnElement="sid-9DF2CA6B-D2B0-4050-96CA-358E754F72A8" id="BPMNEdge_sid-9DF2CA6B-D2B0-4050-96CA-358E754F72A8">
        <omgdi:waypoint x="255.0" y="170.0"></omgdi:waypoint>
        <omgdi:waypoint x="175.0" y="170.0"></omgdi:waypoint>
      </bpmndi:BPMNEdge>
      <bpmndi:BPMNEdge bpmnElement="sid-FCD2412A-B39E-41E3-87C3-79CC51B9B1F9" id="BPMNEdge_sid-FCD2412A-B39E-41E3-87C3-79CC51B9B1F9">
        <omgdi:waypoint x="175.0" y="210.0"></omgdi:waypoint>
        <omgdi:waypoint x="255.0" y="210.0"></omgdi:waypoint>
      </bpmndi:BPMNEdge>
      <bpmndi:BPMNEdge bpmnElement="sid-C5BD2A83-3DA9-4D25-AF59-BB32F2983AE1" id="BPMNEdge_sid-C5BD2A83-3DA9-4D25-AF59-BB32F2983AE1">
        <omgdi:waypoint x="355.0" y="190.18867924528303"></omgdi:waypoint>
        <omgdi:waypoint x="417.42424242424244" y="190.42424242424244"></omgdi:waypoint>
      </bpmndi:BPMNEdge>
      <bpmndi:BPMNEdge bpmnElement="sid-502188AE-C591-43EC-B6A5-FADA2FF4556A" id="BPMNEdge_sid-502188AE-C591-43EC-B6A5-FADA2FF4556A">
        <omgdi:waypoint x="560.0" y="230.0"></omgdi:waypoint>
        <omgdi:waypoint x="560.0" y="300.0"></omgdi:waypoint>
      </bpmndi:BPMNEdge>
      <bpmndi:BPMNEdge bpmnElement="sid-ED506569-2177-4ADA-814E-564586BD6973" id="BPMNEdge_sid-ED506569-2177-4ADA-814E-564586BD6973">
        <omgdi:waypoint x="456.63013698630135" y="190.36986301369862"></omgdi:waypoint>
        <omgdi:waypoint x="510.0" y="190.00680272108843"></omgdi:waypoint>
      </bpmndi:BPMNEdge>
      <bpmndi:BPMNEdge bpmnElement="sid-B33E257A-E49E-4322-B982-06981AAD8397" id="BPMNEdge_sid-B33E257A-E49E-4322-B982-06981AAD8397">
        <omgdi:waypoint x="560.0" y="150.0"></omgdi:waypoint>
        <omgdi:waypoint x="560.0" y="80.0"></omgdi:waypoint>
      </bpmndi:BPMNEdge>
    </bpmndi:BPMNPlane>
  </bpmndi:BPMNDiagram>
</definitions>