<?xml version="1.0" encoding="UTF-8"?>
<definitions xmlns="http://www.omg.org/spec/BPMN/20100524/MODEL" xmlns:xsi="http://www.w3.org/2001/XMLSchema-instance" xmlns:activiti="http://activiti.org/bpmn" xmlns:bpmndi="http://www.omg.org/spec/BPMN/20100524/DI" xmlns:omgdc="http://www.omg.org/spec/DD/20100524/DC" xmlns:omgdi="http://www.omg.org/spec/DD/20100524/DI" typeLanguage="http://www.w3.org/2001/XMLSchema" expressionLanguage="http://www.w3.org/1999/XPath" targetNamespace="http://www.activiti.org/test">
  <process id="expense" name="报销流程" isExecutable="true">
    <startEvent id="sid-C4D2A3DE-28FE-4048-B3C7-86EC4BD1AC1C"></startEvent>
    <userTask id="sid-FA97BCA3-9E7A-454B-9380-7B91FEB28DA6" name="提交申请" activiti:assignee="${requestUser.userName}">
      <documentation>/WEB-INF/jsp/process/taskform/expense/requestForm.jsp</documentation>
    </userTask>
    <sequenceFlow id="sid-E18CD1A5-DBA1-423D-B5BC-788EBA2356F9" sourceRef="sid-C4D2A3DE-28FE-4048-B3C7-86EC4BD1AC1C" targetRef="sid-FA97BCA3-9E7A-454B-9380-7B91FEB28DA6"></sequenceFlow>
    <userTask id="sid-6365E626-9182-438F-854A-5C3BECE9BC9A" name="部门主管审批">
      <documentation>/WEB-INF/jsp/process/taskform/expense/readonlyForm.jsp</documentation>
      <extensionElements>
        <activiti:taskListener event="create" delegateExpression="${deptManagerListener}"></activiti:taskListener>
      </extensionElements>
    </userTask>
    <userTask id="sid-CAFD8063-4F39-42DD-BF8B-70DEA896300B" name="总经理审批" activiti:candidateGroups="总经理">
      <documentation>/WEB-INF/jsp/process/taskform/expense/readonlyForm.jsp</documentation>
    </userTask>
    <exclusiveGateway id="sid-8456A7A0-73F3-4DD0-A17D-A7E6EA3F8747"></exclusiveGateway>
    <userTask id="sid-6F9B62B7-4803-4F2B-9359-1E7576536CC8" name="董事长审批" activiti:candidateGroups="董事长">
      <documentation>/WEB-INF/jsp/process/taskform/expense/readonlyForm.jsp</documentation>
    </userTask>
    <userTask id="sid-009A5FF7-2637-4F85-8C54-AD94FD23883C" name="财务主管" activiti:candidateGroups="财务主管">
      <documentation>/WEB-INF/jsp/process/taskform/expense/readonlyForm.jsp</documentation>
    </userTask>
    <endEvent id="sid-BEAE39D0-CA0A-4544-A33A-B677AE55B44D"></endEvent>
    <sequenceFlow id="sid-FDFB8B15-0628-4A50-9ABB-9A113FA08AC3" sourceRef="sid-C2653A9E-AB4B-4633-803D-F9268D21E047" targetRef="sid-BEAE39D0-CA0A-4544-A33A-B677AE55B44D"></sequenceFlow>
    <serviceTask id="sid-C2653A9E-AB4B-4633-803D-F9268D21E047" name="审批成功" activiti:delegateExpression="${updateSuccessStatusService}"></serviceTask>
    <serviceTask id="sid-DC7D8161-5038-41A8-BE03-BA3F0EBB873E" name="审批失败" activiti:delegateExpression="${updateFailStatusService}"></serviceTask>
    <sequenceFlow id="sid-C8BD377F-D9CE-4E63-81C6-D99CEC0E9251" sourceRef="sid-DC7D8161-5038-41A8-BE03-BA3F0EBB873E" targetRef="sid-BEAE39D0-CA0A-4544-A33A-B677AE55B44D"></sequenceFlow>
    <sequenceFlow id="sid-3E222F0A-AF5C-4ADC-AF7A-AF6C0D7AA24D" name="提交申请" sourceRef="sid-FA97BCA3-9E7A-454B-9380-7B91FEB28DA6" targetRef="sid-6365E626-9182-438F-854A-5C3BECE9BC9A"></sequenceFlow>
    <sequenceFlow id="sid-A1F71567-09E9-4070-880D-41B505DAE1C7" name="审批失败" sourceRef="sid-CAFD8063-4F39-42DD-BF8B-70DEA896300B" targetRef="sid-DC7D8161-5038-41A8-BE03-BA3F0EBB873E">
      <conditionExpression xsi:type="tFormalExpression"><![CDATA[${transition=='审批失败'}]]></conditionExpression>
    </sequenceFlow>
    <sequenceFlow id="sid-8D108099-2EA2-444E-B6C8-4F0885738CC9" name="审批失败" sourceRef="sid-6365E626-9182-438F-854A-5C3BECE9BC9A" targetRef="sid-DC7D8161-5038-41A8-BE03-BA3F0EBB873E">
      <conditionExpression xsi:type="tFormalExpression"><![CDATA[${transition=='审批失败'}]]></conditionExpression>
    </sequenceFlow>
    <sequenceFlow id="sid-FC12812A-513C-4A59-88AD-818CAFF17623" name="驳回申请" sourceRef="sid-6365E626-9182-438F-854A-5C3BECE9BC9A" targetRef="sid-FA97BCA3-9E7A-454B-9380-7B91FEB28DA6">
      <conditionExpression xsi:type="tFormalExpression"><![CDATA[${transition=='驳回申请'}]]></conditionExpression>
    </sequenceFlow>
    <sequenceFlow id="sid-93BBA188-A86E-425A-9163-011A2A8B4485" name="审批通过" sourceRef="sid-6365E626-9182-438F-854A-5C3BECE9BC9A" targetRef="sid-CAFD8063-4F39-42DD-BF8B-70DEA896300B">
      <conditionExpression xsi:type="tFormalExpression"><![CDATA[${transition=='审批通过'}]]></conditionExpression>
    </sequenceFlow>
    <sequenceFlow id="sid-19878682-C076-4D33-B4B9-ED592820404C" name="审批通过" sourceRef="sid-CAFD8063-4F39-42DD-BF8B-70DEA896300B" targetRef="sid-8456A7A0-73F3-4DD0-A17D-A7E6EA3F8747">
      <conditionExpression xsi:type="tFormalExpression"><![CDATA[${transition=='审批通过'}]]></conditionExpression>
    </sequenceFlow>
    <sequenceFlow id="sid-6344ABDD-623A-44DF-A614-D1F23B7AA72A" sourceRef="sid-8456A7A0-73F3-4DD0-A17D-A7E6EA3F8747" targetRef="sid-009A5FF7-2637-4F85-8C54-AD94FD23883C">
      <conditionExpression xsi:type="tFormalExpression"><![CDATA[${model.money<1000}]]></conditionExpression>
    </sequenceFlow>
    <sequenceFlow id="sid-94F0B6E9-C32C-46AD-B970-C0E8ED470B1E" sourceRef="sid-8456A7A0-73F3-4DD0-A17D-A7E6EA3F8747" targetRef="sid-6F9B62B7-4803-4F2B-9359-1E7576536CC8">
      <conditionExpression xsi:type="tFormalExpression"><![CDATA[${model.money >=1000}]]></conditionExpression>
    </sequenceFlow>
    <sequenceFlow id="sid-8964E561-5514-4663-AEB1-4BD9F6B2B6BC" name="驳回申请" sourceRef="sid-CAFD8063-4F39-42DD-BF8B-70DEA896300B" targetRef="sid-FA97BCA3-9E7A-454B-9380-7B91FEB28DA6">
      <conditionExpression xsi:type="tFormalExpression"><![CDATA[${transition=='驳回申请'}]]></conditionExpression>
    </sequenceFlow>
    <sequenceFlow id="sid-30068313-0F27-4CC7-BC7B-114099F41A5D" name="驳回申请" sourceRef="sid-6F9B62B7-4803-4F2B-9359-1E7576536CC8" targetRef="sid-FA97BCA3-9E7A-454B-9380-7B91FEB28DA6">
      <conditionExpression xsi:type="tFormalExpression"><![CDATA[${transition=='驳回申请'}]]></conditionExpression>
    </sequenceFlow>
    <sequenceFlow id="sid-565FAF64-3990-4B5C-A9D2-F95B8CBD349C" name="审批失败" sourceRef="sid-6F9B62B7-4803-4F2B-9359-1E7576536CC8" targetRef="sid-DC7D8161-5038-41A8-BE03-BA3F0EBB873E">
      <conditionExpression xsi:type="tFormalExpression"><![CDATA[${transition=='审批失败'}]]></conditionExpression>
    </sequenceFlow>
    <sequenceFlow id="sid-7AF38097-0251-45A3-9F2E-FD1ED5403BDD" name="审批通过" sourceRef="sid-6F9B62B7-4803-4F2B-9359-1E7576536CC8" targetRef="sid-009A5FF7-2637-4F85-8C54-AD94FD23883C">
      <conditionExpression xsi:type="tFormalExpression"><![CDATA[${transition=='审批通过'}]]></conditionExpression>
    </sequenceFlow>
    <sequenceFlow id="sid-8FC2823C-1AE7-4863-896A-B257562F5D00" name="给钱" sourceRef="sid-009A5FF7-2637-4F85-8C54-AD94FD23883C" targetRef="sid-C2653A9E-AB4B-4633-803D-F9268D21E047"></sequenceFlow>
  </process>
  <bpmndi:BPMNDiagram id="BPMNDiagram_expense">
    <bpmndi:BPMNPlane bpmnElement="expense" id="BPMNPlane_expense">
      <bpmndi:BPMNShape bpmnElement="sid-C4D2A3DE-28FE-4048-B3C7-86EC4BD1AC1C" id="BPMNShape_sid-C4D2A3DE-28FE-4048-B3C7-86EC4BD1AC1C">
        <omgdc:Bounds height="30.0" width="30.0" x="11.0" y="300.0"></omgdc:Bounds>
      </bpmndi:BPMNShape>
      <bpmndi:BPMNShape bpmnElement="sid-FA97BCA3-9E7A-454B-9380-7B91FEB28DA6" id="BPMNShape_sid-FA97BCA3-9E7A-454B-9380-7B91FEB28DA6">
        <omgdc:Bounds height="80.0" width="100.0" x="71.0" y="275.0"></omgdc:Bounds>
      </bpmndi:BPMNShape>
      <bpmndi:BPMNShape bpmnElement="sid-6365E626-9182-438F-854A-5C3BECE9BC9A" id="BPMNShape_sid-6365E626-9182-438F-854A-5C3BECE9BC9A">
        <omgdc:Bounds height="80.0" width="100.0" x="245.0" y="275.0"></omgdc:Bounds>
      </bpmndi:BPMNShape>
      <bpmndi:BPMNShape bpmnElement="sid-CAFD8063-4F39-42DD-BF8B-70DEA896300B" id="BPMNShape_sid-CAFD8063-4F39-42DD-BF8B-70DEA896300B">
        <omgdc:Bounds height="80.0" width="100.0" x="407.0" y="275.0"></omgdc:Bounds>
      </bpmndi:BPMNShape>
      <bpmndi:BPMNShape bpmnElement="sid-8456A7A0-73F3-4DD0-A17D-A7E6EA3F8747" id="BPMNShape_sid-8456A7A0-73F3-4DD0-A17D-A7E6EA3F8747">
        <omgdc:Bounds height="40.0" width="40.0" x="572.0" y="295.0"></omgdc:Bounds>
      </bpmndi:BPMNShape>
      <bpmndi:BPMNShape bpmnElement="sid-6F9B62B7-4803-4F2B-9359-1E7576536CC8" id="BPMNShape_sid-6F9B62B7-4803-4F2B-9359-1E7576536CC8">
        <omgdc:Bounds height="80.0" width="100.0" x="647.0" y="165.0"></omgdc:Bounds>
      </bpmndi:BPMNShape>
      <bpmndi:BPMNShape bpmnElement="sid-009A5FF7-2637-4F85-8C54-AD94FD23883C" id="BPMNShape_sid-009A5FF7-2637-4F85-8C54-AD94FD23883C">
        <omgdc:Bounds height="80.0" width="100.0" x="647.0" y="390.0"></omgdc:Bounds>
      </bpmndi:BPMNShape>
      <bpmndi:BPMNShape bpmnElement="sid-BEAE39D0-CA0A-4544-A33A-B677AE55B44D" id="BPMNShape_sid-BEAE39D0-CA0A-4544-A33A-B677AE55B44D">
        <omgdc:Bounds height="28.0" width="28.0" x="792.0" y="301.0"></omgdc:Bounds>
      </bpmndi:BPMNShape>
      <bpmndi:BPMNShape bpmnElement="sid-C2653A9E-AB4B-4633-803D-F9268D21E047" id="BPMNShape_sid-C2653A9E-AB4B-4633-803D-F9268D21E047">
        <omgdc:Bounds height="80.0" width="100.0" x="645.0" y="525.0"></omgdc:Bounds>
      </bpmndi:BPMNShape>
      <bpmndi:BPMNShape bpmnElement="sid-DC7D8161-5038-41A8-BE03-BA3F0EBB873E" id="BPMNShape_sid-DC7D8161-5038-41A8-BE03-BA3F0EBB873E">
        <omgdc:Bounds height="80.0" width="100.0" x="647.0" y="10.0"></omgdc:Bounds>
      </bpmndi:BPMNShape>
      <bpmndi:BPMNEdge bpmnElement="sid-E18CD1A5-DBA1-423D-B5BC-788EBA2356F9" id="BPMNEdge_sid-E18CD1A5-DBA1-423D-B5BC-788EBA2356F9">
        <omgdi:waypoint x="41.0" y="315.0"></omgdi:waypoint>
        <omgdi:waypoint x="71.0" y="315.0"></omgdi:waypoint>
      </bpmndi:BPMNEdge>
      <bpmndi:BPMNEdge bpmnElement="sid-FDFB8B15-0628-4A50-9ABB-9A113FA08AC3" id="BPMNEdge_sid-FDFB8B15-0628-4A50-9ABB-9A113FA08AC3">
        <omgdi:waypoint x="745.0" y="565.0"></omgdi:waypoint>
        <omgdi:waypoint x="806.0" y="565.0"></omgdi:waypoint>
        <omgdi:waypoint x="806.0" y="329.0"></omgdi:waypoint>
      </bpmndi:BPMNEdge>
      <bpmndi:BPMNEdge bpmnElement="sid-93BBA188-A86E-425A-9163-011A2A8B4485" id="BPMNEdge_sid-93BBA188-A86E-425A-9163-011A2A8B4485">
        <omgdi:waypoint x="345.0" y="315.0"></omgdi:waypoint>
        <omgdi:waypoint x="407.0" y="315.0"></omgdi:waypoint>
      </bpmndi:BPMNEdge>
      <bpmndi:BPMNEdge bpmnElement="sid-19878682-C076-4D33-B4B9-ED592820404C" id="BPMNEdge_sid-19878682-C076-4D33-B4B9-ED592820404C">
        <omgdi:waypoint x="507.0" y="315.1845018450185"></omgdi:waypoint>
        <omgdi:waypoint x="572.4259259259259" y="315.4259259259259"></omgdi:waypoint>
      </bpmndi:BPMNEdge>
      <bpmndi:BPMNEdge bpmnElement="sid-94F0B6E9-C32C-46AD-B970-C0E8ED470B1E" id="BPMNEdge_sid-94F0B6E9-C32C-46AD-B970-C0E8ED470B1E">
        <omgdi:waypoint x="592.5" y="295.5"></omgdi:waypoint>
        <omgdi:waypoint x="592.5" y="205.0"></omgdi:waypoint>
        <omgdi:waypoint x="647.0" y="205.0"></omgdi:waypoint>
      </bpmndi:BPMNEdge>
      <bpmndi:BPMNEdge bpmnElement="sid-30068313-0F27-4CC7-BC7B-114099F41A5D" id="BPMNEdge_sid-30068313-0F27-4CC7-BC7B-114099F41A5D">
        <omgdi:waypoint x="647.0" y="185.0"></omgdi:waypoint>
        <omgdi:waypoint x="121.0" y="185.0"></omgdi:waypoint>
        <omgdi:waypoint x="121.0" y="275.0"></omgdi:waypoint>
      </bpmndi:BPMNEdge>
      <bpmndi:BPMNEdge bpmnElement="sid-C8BD377F-D9CE-4E63-81C6-D99CEC0E9251" id="BPMNEdge_sid-C8BD377F-D9CE-4E63-81C6-D99CEC0E9251">
        <omgdi:waypoint x="747.0" y="50.0"></omgdi:waypoint>
        <omgdi:waypoint x="806.0" y="50.0"></omgdi:waypoint>
        <omgdi:waypoint x="806.0" y="301.0"></omgdi:waypoint>
      </bpmndi:BPMNEdge>
      <bpmndi:BPMNEdge bpmnElement="sid-A1F71567-09E9-4070-880D-41B505DAE1C7" id="BPMNEdge_sid-A1F71567-09E9-4070-880D-41B505DAE1C7">
        <omgdi:waypoint x="457.0" y="275.0"></omgdi:waypoint>
        <omgdi:waypoint x="457.0" y="50.0"></omgdi:waypoint>
        <omgdi:waypoint x="647.0" y="50.0"></omgdi:waypoint>
      </bpmndi:BPMNEdge>
      <bpmndi:BPMNEdge bpmnElement="sid-565FAF64-3990-4B5C-A9D2-F95B8CBD349C" id="BPMNEdge_sid-565FAF64-3990-4B5C-A9D2-F95B8CBD349C">
        <omgdi:waypoint x="697.0" y="165.0"></omgdi:waypoint>
        <omgdi:waypoint x="697.0" y="90.0"></omgdi:waypoint>
      </bpmndi:BPMNEdge>
      <bpmndi:BPMNEdge bpmnElement="sid-8D108099-2EA2-444E-B6C8-4F0885738CC9" id="BPMNEdge_sid-8D108099-2EA2-444E-B6C8-4F0885738CC9">
        <omgdi:waypoint x="295.0" y="275.0"></omgdi:waypoint>
        <omgdi:waypoint x="295.0" y="70.0"></omgdi:waypoint>
        <omgdi:waypoint x="647.0" y="70.0"></omgdi:waypoint>
      </bpmndi:BPMNEdge>
      <bpmndi:BPMNEdge bpmnElement="sid-8FC2823C-1AE7-4863-896A-B257562F5D00" id="BPMNEdge_sid-8FC2823C-1AE7-4863-896A-B257562F5D00">
        <omgdi:waypoint x="697.0" y="470.0"></omgdi:waypoint>
        <omgdi:waypoint x="697.0" y="497.5"></omgdi:waypoint>
        <omgdi:waypoint x="695.0" y="497.5"></omgdi:waypoint>
        <omgdi:waypoint x="695.0" y="525.0"></omgdi:waypoint>
      </bpmndi:BPMNEdge>
      <bpmndi:BPMNEdge bpmnElement="sid-FC12812A-513C-4A59-88AD-818CAFF17623" id="BPMNEdge_sid-FC12812A-513C-4A59-88AD-818CAFF17623">
        <omgdi:waypoint x="245.0" y="335.0"></omgdi:waypoint>
        <omgdi:waypoint x="171.0" y="335.0"></omgdi:waypoint>
      </bpmndi:BPMNEdge>
      <bpmndi:BPMNEdge bpmnElement="sid-7AF38097-0251-45A3-9F2E-FD1ED5403BDD" id="BPMNEdge_sid-7AF38097-0251-45A3-9F2E-FD1ED5403BDD">
        <omgdi:waypoint x="697.0" y="245.0"></omgdi:waypoint>
        <omgdi:waypoint x="697.0" y="390.0"></omgdi:waypoint>
      </bpmndi:BPMNEdge>
      <bpmndi:BPMNEdge bpmnElement="sid-6344ABDD-623A-44DF-A614-D1F23B7AA72A" id="BPMNEdge_sid-6344ABDD-623A-44DF-A614-D1F23B7AA72A">
        <omgdi:waypoint x="592.5" y="334.5"></omgdi:waypoint>
        <omgdi:waypoint x="592.5" y="430.0"></omgdi:waypoint>
        <omgdi:waypoint x="647.0" y="430.0"></omgdi:waypoint>
      </bpmndi:BPMNEdge>
      <bpmndi:BPMNEdge bpmnElement="sid-3E222F0A-AF5C-4ADC-AF7A-AF6C0D7AA24D" id="BPMNEdge_sid-3E222F0A-AF5C-4ADC-AF7A-AF6C0D7AA24D">
        <omgdi:waypoint x="171.0" y="295.0"></omgdi:waypoint>
        <omgdi:waypoint x="245.0" y="295.0"></omgdi:waypoint>
      </bpmndi:BPMNEdge>
      <bpmndi:BPMNEdge bpmnElement="sid-8964E561-5514-4663-AEB1-4BD9F6B2B6BC" id="BPMNEdge_sid-8964E561-5514-4663-AEB1-4BD9F6B2B6BC">
        <omgdi:waypoint x="457.0" y="355.0"></omgdi:waypoint>
        <omgdi:waypoint x="457.0" y="430.0"></omgdi:waypoint>
        <omgdi:waypoint x="121.0" y="430.0"></omgdi:waypoint>
        <omgdi:waypoint x="121.0" y="355.0"></omgdi:waypoint>
      </bpmndi:BPMNEdge>
    </bpmndi:BPMNPlane>
  </bpmndi:BPMNDiagram>
</definitions>